"sales","employment"
1.82394554367238,8.13825858732732
1.46562011353672,5.2816720419086
0.439531582317757,2.38368432913929
1.12165033568738,4.30514478802184
1.69618673733316,6.7176701351923
0.873827963938848,2.7272857010902
0.872045826079121,3.39876220200342
1.74181980841012,7.40409006071342
1.79970944563535,8.21560017581188
0.820415445137769,3.88125860505745
0.987545725597822,3.95120168303325
1.13928401825967,3.49099617147941
1.11002329255416,3.81754179205282
1.22380049478401,4.42271638869625
1.00174817110155,3.27863837390437
1.99978397015426,9.92650829431694
1.08615440280442,3.54818385096698
0.561729153152555,2.73815114200173
1.41109880461155,5.42474295230038
1.50702318407694,5.04010631704677
1.15248327116001,3.84491652837956
0.269633892084069,1.56624133104084
1.12539867364889,3.20461804314388
0.897650163391748,3.20288841177438
0.341846217335301,2.28645256295394
1.44381475150369,5.06575052592058
1.46866030046993,4.96704933298643
1.85739297915798,7.92179736230951
0.982253779243165,3.48095973850861
1.08514269170178,3.69837450176271
0.976173721535416,3.80824215497756
0.594983769389776,3.00578908739352
1.25196398821218,4.01952380066652
1.82650948098674,8.41013494716034
1.28866405512383,4.3205951005177
1.29521350949151,4.78727744683051
1.06755685146257,2.48773033242755
0.502561571572848,1.74726049839365
1.22381918573606,3.35371966810452
0.989313948895802,3.80824843715565
1.44156850641137,4.31648139122814
1.44119705575997,4.51732120020358
0.807143814138341,3.86200336529528
0.324535839530766,2.6746701481399
1.50882847516144,5.63360412375625
0.827303397346119,2.93564639955988
1.44950979749036,5.65453921537015
1.26964182872325,3.74580397947127
0.99474766061684,4.50681105114166
1.79891400691122,7.87916887856021
1.04861865095063,3.38470236607735
1.73247259816866,6.52985210104459
1.46334094941526,5.05188556694184
1.64734451289796,5.8214416562143
1.16787543437521,4.03412097470489
1.32202900565611,4.45731514007189
1.04570321633214,3.33909415061289
0.66888483565778,3.14199688235356
1.2405392781718,3.45773347667898
1.0546194827585,3.02179353007043
0.768445676139336,2.87789735082463
1.13777761715849,2.91486093798569
1.76138807617948,7.41244156543399
1.55251235991936,5.91809685351184
1.23028088776746,3.64286979628371
1.17643951436201,3.74694324292779
1.43029351515163,4.26510465651513
1.43898033439871,4.49992294478736
1.15259172871912,4.17384510740531
0.749862614214114,3.25558081147681
0.57105953726399,2.69797033344444
0.605401756536256,3.20293157979353
1.2487631603794,4.77212437261774
1.65621076320432,5.75113262639008
1.50008714854485,5.89201678242929
0.639849591849698,2.27891874909285
1.23200243093481,3.75339177700178
0.782818607410626,2.61760654579648
1.52399091025895,6.48042555727924
0.706933986401192,3.12364626268897
1.89420138208672,7.89041968624661
0.364271012861914,2.20356591836697
1.10105073570643,2.91168955187287
0.408667452060352,1.50797761720175
1.04172656946236,2.8665896203406
1.31651409663084,4.23733856389867
1.35753394941855,4.02377673516385
1.48187149210384,5.71076109068565
0.612827342364441,1.9206059345605
0.547119305829215,2.96989169192168
1.10821920272887,3.75398926445319
1.08410424683706,3.39794448532967
1.61701455046672,6.42468391647343
1.30831957142701,3.84953514590897
1.50478865634988,5.43509701240798
0.910943547158722,4.10555539041437
0.969894951596895,3.28204749350094
1.4191098530416,4.42809298073813
1.14935339287729,4.32459521710317
1.8590770799069,8.26614721170341
1.28636674218106,5.04020772295674
1.39700875440225,4.83614045259355
1.40214791935542,5.27617973578699
1.04394186859581,4.09004922883991
1.18974516726917,3.82120716063428
1.05618428406944,3.27470071713112
1.04950679117209,4.12786390455125
1.73773856679495,6.8931090980017
1.29991136810775,5.07643999634348
1.30856462102383,4.30167282226274
0.909214318580964,4.01605562889716
1.27212470588417,3.7047926768405
1.73529155435234,6.91360728571752
1.01639613637302,3.51435808708613
1.59934844554926,6.06355429711714
1.42352288000507,4.65858164877071
1.12777528568841,3.55826063485265
1.4989904605837,5.06494938172166
1.45454765467263,5.18358176511641
0.571016079280525,2.67439187551784
1.45530340605027,5.07197685634877
1.09489030740197,3.00095950589531
0.985775064858652,4.01022458060511
1.15610973561523,3.07868966442314
1.12341251992044,3.11367141063663
1.06728031150532,3.85129727611783
0.442113257774326,2.77140655128398
0.309961973662001,1.58562540080914
1.70296456738415,6.46718032539814
1.52609593902619,5.88613412174304
1.23961529405446,4.40694514332642
0.788386311862863,3.09406824131891
0.918942904757265,4.1936364920284
0.651088696955495,3.28579480491511
1.98635329169148,9.06921985621786
1.15020459375149,3.48950279105104
1.17764526713506,4.08435296391088
1.32010546336908,4.4194613566195
1.13925700964487,2.9716994122935
1.81475207879137,7.79632943347407
1.52238180284173,5.35233196945632
1.6668551475741,6.83761956498757
1.53399301247026,6.14302019392698
1.51662899220505,5.27965491839309
1.51303892952705,5.47637428312504
0.865571766719889,3.31864262971044
1.89295422005481,8.43151586445853
1.47255653375762,4.70219509318995
1.07524498817607,3.65083275623388
1.73618883337715,6.12016321318857
0.979653048193706,4.05533113054425
1.9279993788486,8.46184826504873
0.604182272945728,2.33139623226169
1.49923657769364,5.83379590401448
1.9787175571389,8.48047209374814
1.49026096889474,5.92682282863147
0.873389313945439,4.31508771276257
1.06878521511514,2.80127620457676
1.65471485754766,6.56660459248184
1.38198529119857,4.65737683400165
0.961264409882663,3.49849398831464
0.517435154255184,2.03706951893384
1.49780923498797,4.83493973013769
0.601140416220376,1.98698142987852
1.77902855098066,6.85210575060776
0.297802959348388,2.22734982643663
1.21912349011366,3.9034340763453
1.20194577529121,3.44119403579096
0.927381738089025,3.23563789509608
1.39998051490414,5.41151583131593
1.29274124498056,4.43013233863628
0.3322624261491,1.40425187170454
1.52838242151745,5.10498631294278
1.52733485732453,6.5298839251717
1.08376488201713,4.12356344957283
0.998156119301323,4.8445374112228
1.48568964744939,5.10006900416262
1.45121246727941,5.17267736785975
1.92301537050263,7.61888661548138
1.81950287917671,7.0857683470799
1.44104759886673,4.78434765385356
0.873504774655126,3.73801634051943
0.597639222768017,2.29604949578463
0.730091888923198,3.53693994446146
1.31671243895296,4.39462865695626
1.472379206296,5.80341510886207
1.22198173617964,4.26901408803887
0.333920501449097,2.8358255787438
1.57265750361376,5.41405638727889
1.90517591361898,8.51921167823743
0.650492728427334,2.66321147444645
1.71747804506306,7.52855912602741
1.4625038495958,5.51377297982935
0.944808885809886,3.75293019461225
0.817815032579451,3.16907980962751
1.70678252591249,7.13818378193542
0.998830128823158,4.14091564736323
0.671641184948385,3.04041011456718
0.928941910662637,3.58805863375182
1.43247472811608,4.61509656086985
1.15780056440527,3.35400395307973
0.702596246265272,2.11250048793316
1.59904035449807,5.75481549070258
1.44666749182214,4.56637442150485
0.655922179324199,3.16236784468412
1.71440810475098,6.76488042327285
1.55037100509564,6.10241715822148
0.333346413098933,1.86407242704392
0.635740549820672,2.62322504466906
0.619817923377345,2.59015657399824
1.12062318369659,3.29115179965766
0.14558741170913,1.42301831841936
0.702455789757454,3.26936448770958
1.27540627161375,3.39956036835121
1.04706049050599,2.29498783714849
1.0549269998722,3.00294240779683
1.4300845402853,5.49241027073391
1.03378505356699,2.54290093402971
1.51982193809284,5.74719277134754
1.40880346749756,5.25202942645991
1.5804328776734,6.21401360550858
1.96101057944406,8.62978508093917
1.19340978935361,3.79119034256692
1.62975278705216,5.90888070953093
1.34367378324846,5.3278651600826
1.49229785886454,5.50916895002771
1.04075787442798,3.40809386576654
1.11799689816816,2.92390441514788
1.64734549196349,5.89711904063698
1.61786272569894,5.88069104590825
1.5514441793753,6.16303490414696
1.30005650314888,4.72695711498077
1.6479106926491,6.29351762901241
1.18128443838377,3.7192337523292
0.79796759166926,3.36321330560501
1.94231915110337,8.69362940042984
1.37739727731445,4.43164181704102
0.285271398723125,2.01220261902518
1.11473249885181,3.71264370324396
1.47209338153157,5.10528193529952
1.42139060562064,5.2097559858084
0.783756623397809,3.24303047753248
1.20052100553288,3.19390903502049
1.74178616962349,7.65129730201293
1.1973836489154,4.01545954659624
1.08720029181229,3.09795327937236
1.74064066160795,7.02862244824119
1.86696313377534,8.3925352470432
1.39358005779194,4.9865874574191
1.29062079008336,4.0496801619989
1.25431999135142,4.24955640762504
0.740598515423735,2.54507743121308
1.03337735870028,2.95469710087757
0.591757731046528,2.41676319568019
1.35622619185597,4.89226652996416
0.872467967417653,4.27520082340695
1.72612889410949,6.47655668663307
1.67106984242825,5.73578493339979
0.900120688658039,3.80118047866492
0.975782724268414,4.29956506468084
1.32421083136325,5.02285203839262
1.52799868312483,6.27942602870346
0.611015217676018,2.30123313583731
0.778655529015002,3.64555428229047
1.74836030943562,7.31652291053879
1.23761977915465,4.64143643693518
1.46625838866041,5.35951054983727
1.45286175121544,4.84145403853257
0.961450621332914,3.40413405133157
1.99866014968027,9.72313846091425
1.47144790877802,4.9618907864338
0.608641143108047,2.77703843540782
0.892237973300183,3.10409050434915
1.01119288171094,2.70561059835693
0.886772727921626,3.32264988439926
0.737915190036593,3.38712544823751
1.23706548730895,3.07274283641591
1.25122031682831,4.14213650738092
1.29959628900776,3.75720401525297
0.797423856567828,3.53141625001259
1.53774569425557,5.83996961817966
1.15134630304174,4.09016814179857
1.43545934553965,5.23921891551825
1.10306295311759,3.54439906639305
1.89168949322987,7.40295643602163
1.2875307040224,4.07175835332278
0.491512726253392,2.51667575296438
1.47762557591131,5.39584396432296
0.594200733493846,2.75483900945589
0.708804442054834,3.68144436006325
1.19429703644331,3.45992562545836
1.84373630627767,7.00100723823954
0.275297904261155,2.29587014842375
1.46012845733819,5.20378304790482
0.871485607498108,3.36302586655194
1.78867677751834,8.06532997057716
1.49717510876414,4.65772867089816
1.2028973689333,3.15283897558924
1.00070823249299,2.1881797685722
1.11328063392021,3.72268841244773
0.549128459521036,2.8138962237336
1.37849899331328,4.84283027854845
1.11294890535159,3.0312132068737
1.69458474929962,6.27299616604265
1.51424975807831,5.93523662321649
1.22521602280988,4.03979436844382
1.01109335159599,2.92568223360181
1.45673635493082,5.95154769766041
1.1754066867868,3.66950429542914
1.60533080202835,5.66840210744477
0.964308003458694,4.46765366959558
0.811849547625937,3.24901205200816
1.00035994737094,2.36206901126167
0.686687771700306,3.23346824909296
1.41605638563628,5.71183554241886
1.0849052828586,4.07322056754125
1.5492034311588,6.13269810151184
1.8275725823282,7.42200157015122
0.912177836962459,3.75561772994892
1.7769934551501,6.75338328045013
1.25778475733902,4.08401228088508
1.16342460508894,3.24662434385709
1.89332532201006,8.72160532490797
1.49462203901853,5.49813304077926
0.899281264708642,4.22674532958346
1.14089153818079,3.50508657563541
1.08797484106036,2.65988145304348
1.3218495313063,4.13631668882238
1.23889872735636,4.03157853083038
0.635070894692799,3.67506386672829
1.65215186398283,7.04526925602996
1.03913887215796,2.79398867614366
0.864416700605445,4.09235770034584
1.71547395154293,6.52534365774829
1.06562365205364,2.50595793379062
1.1437353059333,3.78544350228319
1.90608430358229,8.38942483579462
0.541215064551853,2.56337054035935
1.28558269644575,4.21395112940538
0.957095963208467,4.48658944547203
1.4927154983102,6.1076911032602
1.12511980713163,3.04227207040034
1.39011942680048,4.36102601510423
0.620115691387929,3.40474490348431
1.57809732931351,5.89151850915377
0.277924179565161,2.09006798246933
1.39474912177752,4.49213837640553
1.98818025763179,8.811676455717
1.60312773865822,5.65665414735457
0.944592575014108,4.37408795688079
1.22407207103764,3.75808898147351
1.27758455265607,3.65957250888565
0.721429806003887,2.69931113284195
1.43814750891508,5.53090759303494
1.24161840690166,4.01961654316329
1.23982564364974,4.75560653024124
0.630769128911197,2.91796903015438
1.74315811834758,7.88035474005439
1.64006352068843,6.3758586939576
0.810652679709243,3.76275607694608
1.13808823454584,2.63094666003702
1.24502319349296,3.61368863208877
0.854074677713325,4.10429660799568
1.43578287548276,5.44080364063602
1.23027187465379,4.41070743296684
0.515161417670285,1.91930277413565
0.562889936691323,2.86219065093237
1.50013919487628,5.88678762337604
1.63888768365543,6.1506339407595
1.08402517906832,3.28353287550519
0.557447235492091,3.32941107861895
1.8307736958007,7.59809398452667
1.20773627379806,3.60708895069975
1.44593589289169,5.22252582127799
1.93155419267714,8.36974252894754
0.69335124403288,3.2316305498245
0.820484372121138,2.39524079672604
1.66619554151608,6.81123730044678
1.50788868973118,5.41041023766812
1.50586515158881,6.26566026059868
1.71334347994712,6.72059106276417
1.18902110528095,3.43869241201539
0.717014483337474,2.71510843494595
1.10896152328965,4.08686208053555
0.786711053471235,3.10817450424374
0.687004520636799,3.00475943834908
1.19373854030606,3.86370423506198
0.0489555555395782,2.14261730319693
1.97472383894389,9.01688131251948
1.53244123311786,5.49496653326512
1.58795641649343,5.45297267591979
0.794146329916543,2.58982726608662
1.15296060579496,3.54718693521274
1.34055496678393,4.90396115278238
1.98261857612009,9.3903026450111
0.6033543845831,3.55856484432037
1.48201709023234,5.84453094686489
1.33968890440087,5.23239561504788
0.937512078274588,4.53079027257853
0.291557687379636,1.32459371343895
1.6954043774742,7.54010489643695
1.52802296089143,5.94140242766592
1.79018129565261,7.69158706178383
1.56882371059475,6.07451202856876
0.896798523228769,3.46039635680781
0.750889609012978,3.93556654290951
1.1021081689732,2.83708990717958
1.33555336079385,3.67540292961217
1.17493432096227,3.20275611180587
1.07712384186614,3.79128717012616
1.32440155920045,4.36406047041239
1.55069591926302,5.87486134317763
0.838887012563646,3.01403210486517
0.978324894991178,3.52814792604831
0.902021539498122,3.16733949827128
0.991225191970138,4.47919530773203
0.146227723918855,2.59602801145132
1.21319026636129,4.07673095116299
1.65975942082715,6.3190407264766
1.12825757499964,3.95930494623382
1.9808194868607,8.26745224969513
1.68162142372217,6.64856648981604
1.22808337277069,3.2297782720075
1.40858426490352,4.69792517967059
1.26257372979473,4.45521928032085
1.84122529166752,7.46897490100448
1.42980295294442,5.6450394964153
1.11571667538502,3.46449420003267
0.749807182829591,2.96021147606426
1.54953776773391,5.44010347579167
0.735893761273474,3.52375777718715
1.16931185651212,3.20438028612195
1.85078945912035,7.42491808535914
0.683979514054954,3.21254901501836
0.880498342216015,3.46833252140819
1.9694098966675,8.02199895252171
1.84655044363649,8.28059662379422
1.35798289572176,5.04199119238035
0.889132939553018,3.35917383968068
1.1897358059282,3.80396243243448
1.33547870255131,4.8418182316691
1.47770856965304,5.05519885976102
1.05190155191693,3.18985473772153
1.16651681332835,4.11612494091415
1.28106848699621,4.00057743354486
0.813551777001672,3.66458971574938
1.28694224810149,3.71241693767959
1.8857399666903,8.58684715479912
1.50686634730621,5.63228317476025
1.5253282446619,5.8962875103816
1.35213794435202,4.30881423933057
0.993986922007954,3.85800007739369
1.00887160348607,2.28809104039249
1.00779281351591,2.71337494036388
1.95645264766981,8.93220493083029
1.15266108561768,3.95956036833362
1.33612878896032,4.43095659880188
1.42164973485225,4.62317853561171
1.03681445068545,3.42345170259031
1.1037159386736,2.77079349980562
1.94247141154483,8.33025915292244
1.63151337393096,6.56083258743705
1.70415639904031,6.26961954211448
0.826333066384296,3.15181797922958
1.04755301447043,3.05590236526893
1.62060085678843,6.01497448376304
1.06841085751358,3.74471607617169
0.66302668210119,2.77984312223022
1.58840222661928,6.10280691738795
1.53215205815284,5.42814599172808
1.42916634725407,5.42896112690485
1.94218586780583,8.79473778626564
1.26927125174788,4.17625891082278
0.79209955491188,3.95374031062657
1.19518501274965,4.27632837409137
0.414206702262163,2.93620534545468
1.11577571380532,2.98701132859571
0.824650170040038,3.11385373080424
1.38118184865712,5.06746883983686
0.781777168363247,3.61507996848594
1.400923187784,4.1989846475763
1.05697189866666,3.3935853775614
1.54370695983275,5.70813820662336
0.226844391785562,1.69172488075876
1.39572057547416,5.28688565677357
1.52997862422542,6.32974690418539
1.50875500709896,6.17651609822772
0.528805266935427,2.37887036822031
1.22338680634989,3.78202987420212
1.21048328493114,3.60415710993892
1.35230863791493,5.02752754303096
0.730332709668976,3.64681751384177
1.42113516856501,5.31505589152413
0.378540868870914,1.67024883223129
0.933849892281563,3.11595066568054
0.763782427401982,3.4777341589815
1.94053331311839,8.94009504949812
1.61514672861249,5.83447884237037
1.17061318857874,4.07404456696863
0.928501924499869,4.19588336229114
1.05580801377073,3.99243759922054
1.14493173466633,3.78198983179419
1.35193142486134,4.72834659372928
1.06889864428797,3.57214024160443
0.564384164531035,2.27946318729837
1.65431495151052,7.10081344850929
1.74423869306476,6.9271673574974
0.814496368622108,3.84678959036629
1.54089557956169,6.26489416212634
1.79790359149422,7.36007718977661
0.771147629156775,2.90127288672175
1.44908028543189,5.72685019191906
1.57666647782043,5.63643631333319
0.980359261419525,4.04516069571663
1.12791313285405,3.19695017679199
1.23279539492776,3.65298374829345
1.98104862091749,8.01642137068445
0.749034043493234,3.3192032067802
1.09362543253804,3.67085776956768
1.24994050338864,4.64674909112868
1.46603199932724,5.28838597762394
1.35690968736319,5.20723414321215
1.95937915702745,8.67618771795457
1.23988390336913,4.49281726177629
1.81175220049098,7.1145514391036
1.4057858068999,5.26758144380222
1.03586587639911,3.98469455298171
0.810884172572757,3.31167905153474
1.23718334084025,4.73272821830621
1.50616316357936,6.04875011540394
1.64832931141916,7.02603985915453
1.34055010803536,5.10889873626502
0.854265489872532,3.22509050643959
1.75124965590161,6.46362124432632
1.80929669656104,7.64640126164861
0.838982685609571,3.1227520229905
0.987684318150172,4.7235061499487
0.834148273358759,3.04987838003343
1.60674048613964,5.90345298110099
1.14997089188546,3.81894115189878
1.615323351776,5.86769831503546
0.387148535752924,1.59651032716948
0.978974487329912,3.40710513214117
0.796368638143483,3.14399814210144
0.756240498015885,3.01061666684011
1.23864944744855,3.4701976858716
1.06225303753709,3.28950168041414
1.05339498240381,2.94350660824187
1.66869157140102,6.55093469197173
0.798317785050636,3.63250638309217
0.909976180838909,3.77319296342471
0.89112591727122,4.50394770677906
0.664455584810359,2.46309051580809
1.05242829211056,3.6524718925239
0.484401426743716,2.3523961676685
0.528804518034022,2.20794683873575
1.05807654413062,2.53410194470658
1.16369928832146,4.01753596498473
1.23030856918354,4.93135605155252
1.73694548396867,7.00685486398723
1.19697215611212,4.71379483129031
1.37599140516779,4.83259360997734
1.51972482307342,6.40379623700491
0.532079996673663,3.00985849016413
0.253437556707785,1.88517107351734
0.659779844805598,2.1794322423626
1.07334103836052,3.84330017983426
1.67670953085819,7.16302028319187
1.62988471422649,5.46877321680785
1.1973894251521,3.02931419007641
1.63354446613761,6.36273526649257
1.04083738240041,3.5354879609507
0.518186056164444,3.27639266956593
0.971235094863406,3.93140183426376
1.08940782008356,4.09324783465288
1.84909531650852,8.25884202800191
0.368474824458357,2.80516827523182
0.579063752666116,2.77249683303001
0.734908125548021,3.44225331426927
1.50724587452864,5.29501093286567
0.576612275756533,2.59343528561915
0.918711293771767,3.93175178505506
0.787225533276796,3.21039544046569
0.276777592574359,1.44663497595973
1.03261394666925,3.55633359380432
1.26034055976197,4.71984057352987
0.881876515145233,3.98289949805173
1.53334325718961,5.56928856551116
1.39902779152805,4.72515754257363
1.55930391839685,5.33765084093466
1.49001061981323,5.30093854617973
0.915347651368585,3.80066770944448
1.55962664208321,6.07163649376077
0.867726958435513,3.60867873840276
1.72204582267863,6.36633074253589
1.16886262525807,3.62414591425942
1.62057417827121,7.04413938741853
1.35964472697886,4.58619919246495
0.567432899762597,2.48388452088329
0.998607971384868,3.90688361734108
0.713351503444119,3.62761959031533
0.522562536144908,1.77701451406925
1.35429727135669,4.34343957611474
1.60172128293725,6.51167504736828
1.95564067893103,8.59373703136803
1.23801535684732,4.05529385141687
1.47236506990063,5.75962602160567
1.67488940819642,6.90469369458796
1.47814646964847,5.81672653292898
1.37872627048777,4.09180627289014
1.52870831310564,6.10244881556447
0.852312603011242,3.7645450394257
1.82767680887262,8.1541974728822
0.429507199518496,2.44590915231984
1.22491049924753,4.29755157205661
1.85044009517878,7.56096181892769
1.43983669163645,5.66890600043012
0.935111484005172,3.71102490586514
1.08131745612076,3.74963062245658
0.613057164315425,2.40207923190366
1.83055262957884,7.14154597213427
0.945220880935996,4.23881952779975
1.79743747694917,7.79025762841003
0.465945017556388,2.51652646276894
0.763688831842659,2.38211723406489
0.217880942858756,1.72795855432234
1.11561091009453,3.3711586707227
0.993664606003356,3.50357708146589
1.28879240994661,3.91033485880462
1.3086323512422,5.07320317009803
0.739015380915234,2.25302383770181
1.68520100740716,6.01745471929057
1.9393861121498,8.69414608227111
0.680285837833849,3.43385090560378
1.0156124240367,3.21034099153535
1.71485535081305,7.3069095305879
1.6938684939459,6.54685798309324
0.689723117824386,2.5124769050679
0.269776317314744,2.2511155079814
1.39595450491426,4.33608250703957
1.49390831565982,6.0182926053181
1.05929288163144,2.87186285809134
1.25753035855255,4.22579033754375
0.834379019382732,2.68334793961226
0.959211756021245,4.61463650370081
0.761505716681914,2.64790098307048
0.335933092103075,1.50131969228884
1.52316094313889,5.73284014267944
0.436989567242563,1.6562873541599
0.608000599642325,2.71373650690866
1.22701594599257,3.90071266700487
1.54496254428172,5.43166323842553
0.683678139812272,2.71131280238969
1.47058045510406,5.43970378120173
0.635729394892815,2.32869429730543
0.97456641101076,4.05938465719509
1.20452826437506,3.85664161265593
0.428000148540845,2.83929873487391
0.699397626218439,2.95662724615576
1.04003248651464,3.20728840380369
0.676134621283659,3.24198011673316
1.16554851660865,4.13733610501015
1.07523417338544,2.77701680661666
1.66233181403581,7.03991184891924
1.15529734590136,4.05930474577166
1.24102862202741,3.67578740598659
0.975511213722451,3.36993658762949
1.49918044406698,6.05869448641789
0.450109568055705,2.36574905488714
1.93314393565652,9.32515819654271
1.01072277662776,3.12844563610065
1.16905653813418,4.11089298790763
1.21113926308103,3.50445965123327
1.37739289985283,5.40159019363773
0.503735542241414,2.01840454034429
1.78387588592263,6.82221107999534
1.49209319317609,5.91852915056592
1.48749458996823,4.87906774533731
1.8149856432043,7.42402563735375
0.521577759102678,2.39196479381952
0.866597163817198,3.91003145276179
0.539278154630281,2.43465558579916
0.433588660850679,1.99257215363888
1.28714106036261,3.85247312003831
1.12430189178046,3.71954738310507
0.957186852242905,3.18958344932856
1.3053083423724,3.91289298161274
1.25569172429317,4.94802149775082
1.35436748890325,5.29052715630119
1.39381795834472,4.4955234099158
0.865988292092304,3.65613337472799
1.39650142937474,5.40006318569835
1.26884387552397,3.75985984784399
0.963154835900689,3.31684914199049
0.816011524304461,3.56419627587422
0.656086439782834,2.5311279236415
1.18730901360572,3.27158088193321
1.49379050876456,5.60834540043499
1.60987542593137,6.46879645484213
1.15219168668767,3.19110102674551
0.290848483450367,1.82124688855362
0.778417161610955,2.97555375189883
0.829170242324822,2.7771347265097
0.868780711081382,3.92794574779131
1.26733347209293,4.06628532732768
1.58120595785307,5.59014440683931
0.896739936588664,4.12262345225974
0.504572465002436,3.05002073527536
1.09112027990884,3.45019662953817
1.69563511481525,6.80995998772381
1.18303452961483,4.56427940706488
1.60170270362869,6.11183520822369
0.976398353183592,3.05917034046073
1.85358803584671,8.0959791059292
1.44093598616762,5.01730975083939
1.18129940092135,3.52117245708334
1.34676328960994,4.6061007134816
1.35581836142849,5.11607638267154
1.28805787758088,4.70004601104366
1.2967178914696,3.79022036438559
1.48605726168301,5.64922435400394
1.77430040127885,7.44346347432709
0.333715278655291,2.64670442961689
1.37219146794913,4.63891020666877
1.51494888401597,5.07632330787576
1.44984456016828,5.9412147236616
1.64742899266056,7.13186489250343
1.27981404053527,4.73458045838523
1.14268589272935,3.06414026325389
1.09328228715231,3.16589856440758
1.27442983616798,4.06884327170572
0.761038106745885,2.44500709705295
0.686658195474842,2.87304217015979
1.66899973962511,6.34757052329117
0.784626682886803,2.44039195675479
1.14188786073921,3.26672513803268
1.1921456235799,3.95607058031857
0.75028618607007,3.06991175645575
1.52243637928809,6.13474690846809
1.50913366040461,5.25801009490157
1.92460198173942,7.78791243582098
0.597022762363422,2.30579092957194
1.80255754615843,7.95937589282922
1.20641172271814,4.40749878775323
1.26884710186046,3.6932028301715
1.19471286856501,4.1508873611096
1.78459531302151,7.48156223008624
1.62067973863134,6.84465021441834
0.599130939230375,2.71644393869082
0.716493224257453,3.38846021449812
1.28793170933417,4.45931150040676
1.48721074790988,5.49891861044554
1.31955467879396,4.57782284785364
1.34393251548826,4.01041161626055
0.918082682881504,4.12417929562457
0.946378115472341,4.33299580719451
1.06823931015003,3.6234711264665
0.562985608375766,2.17122936540964
1.91353389043018,8.53871264838907
1.08546242931705,3.0496456159795
1.45363831949569,5.54038199762655
1.22418279980484,3.75106623389951
1.5114651994619,5.61357166538298
1.69723563633564,6.37994958096282
0.574062081531577,2.8857539758523
0.973501775888795,3.77246310599725
1.95212478255467,7.78396464048718
1.38870208072714,4.59085668455577
0.474491846085971,3.16105635830459
1.19477553545348,3.92259765800647
1.68924625543877,6.73801812761726
0.933668647814275,4.56867067785426
1.60709906814207,6.37543980943097
0.377171014435589,1.72610552665389
1.19225481690418,3.73495727030597
0.400617422574544,2.47925743650783
0.391293736679074,1.75190954630758
0.390392044487301,2.44688888738695
0.886776553440849,3.91067718408482
0.817651904228063,3.63430279175011
1.16005606306371,2.90582745856302
1.0818922059199,3.22975528523113
1.47879088190177,5.87401421136996
1.32776474725792,4.30899393727738
1.60210167981077,6.84248029190192
1.66738229193569,6.54571450532538
1.60022321575469,6.5124845719451
0.663365314005699,3.71376389533727
1.87443529444561,8.87860422204187
1.19702628169735,3.58069768201493
1.31377308679438,5.1379845697885
1.73619015339901,6.47456224508643
1.31452855294638,5.04938785975812
1.96630165737535,8.27711074599043
0.912387390371867,3.54660071179633
1.24081358976028,3.8751399426628
1.34340497400498,4.47400545764878
0.914102383423597,4.25665911727387
1.62398334610359,6.59439163160621
0.614912042515557,2.25941540245235
1.34112097200082,3.8060536953887
0.722360160432594,3.69835957077272
1.1193439544707,4.42020996435982
0.802105127808649,3.67410451694968
1.98980655849827,9.72354330788876
1.84607899033537,8.46565636615839
0.929692447829557,3.94295989225527
0.625689518033878,3.17659460640366
0.756744974792423,3.06868967214662
1.14257744722223,4.08908458178097
1.29870154022754,3.9354990492982
0.481477647857312,2.52154446382643
1.3021882886726,4.9093569852039
1.39567664063221,5.53826764967833
0.593431853035875,2.97331377349154
1.16398158398105,4.14855486354595
1.39449800854435,4.64134985267585
1.41166241956501,4.36879693271486
1.21314632939175,4.30724779682802
1.09701373168584,3.80624331037715
0.872422265309667,2.73482654970197
1.15048086600299,2.98438535525085
1.48139070391323,5.19110028572969
1.03886246877572,2.79977604564498
1.62918643717635,6.48196061814265
1.7765028882507,7.3202298931057
1.08239341552797,3.94255659628415
1.95631808468599,8.97882771633827
1.56419180467229,6.20013661712929
1.45592472422679,5.07159808859926
0.294022965926302,2.17136711213949
0.761142582747508,2.90908287944623
0.682815505317928,2.52133097616559
1.59241666709231,5.90335275870106
0.976767384030688,3.07332300128491
1.11703971741807,3.27012515929183
1.94807076690118,8.70864467604036
0.538881991852773,3.43228698455174
1.33532638406736,4.43870909129838
1.18041814188798,2.97485653793149
0.500187453977328,2.0389225072959
1.81408494001124,7.2000622064433
1.51562808407471,5.33625647091273
1.38537180498671,5.3140919994413
0.897189773887973,2.64158861174129
1.91217058432802,8.36852930802977
0.635043763871974,2.63091949740229
1.73852088705487,6.66187154538846
0.25013938839215,2.77456290219068
1.02347093622622,3.20957831242824
1.29657879545257,4.54870232775006
0.651408152813658,3.30445980316178
1.27118167347772,4.88081256187041
1.94139942947777,8.4566653419069
1.64375571835302,7.16981482241304
1.52547447808701,5.59053957995963
0.6364444144428,2.18250592240918
1.11048267067791,3.29895978673335
0.513387193628956,2.51808079637355
1.14345298070751,3.97850394325338
1.50483609922844,5.17679256161429
1.95350231171856,9.07405973078034
1.09601988829672,3.2358551440489
0.649377868352777,2.95928900452732
1.04156177459497,2.67532383144183
1.77597398071791,7.07796084916084
1.78137929747998,7.35566390552241
0.971666729360049,4.31972975297242
0.799923698090778,3.2972322687503
1.68356577799609,6.20751608167586
0.424944186583161,1.61658790905959
0.878897014232907,3.14800168514402
1.53363145488513,4.76186409728849
1.20558426711546,3.1772305872505
1.90597824683772,8.39760106522477
1.53226922694293,6.09390950365691
0.448635424240367,2.98702765749321
1.82373904460106,8.34183106255721
1.22214888596366,3.72178309676267
1.98638323761734,9.23111339618281
1.21390788098599,4.20658176670098
1.30951764531788,5.42477617314983
0.993743458267798,4.60255291979178
1.29235288935524,4.69022933765009
0.89593826013057,4.1303095697886
1.87298837644688,7.53861884708355
0.575620354615148,3.1356859551436
1.46691467488754,4.89261619156885
1.05383179572616,2.48692832147105
1.47852495318704,4.9806053534189
1.56172086194646,5.22612296466939
0.915500044979708,3.88606088789672
0.926667455899637,3.63111670474647
1.45638569899544,5.91589580828362
0.761410930491033,3.72573544534977
1.66782144675522,6.46833492819463
1.73559569527981,6.50216221318039
0.690608608121125,2.60649410103365
1.6538565492572,6.99308557229078
0.828507105012659,3.18460806395844
1.83499285068222,8.40427437523839
1.03790569170984,3.83488533998176
1.02990689063876,2.58134128119885
1.50245077762144,5.38798523318619
1.61841897039419,6.78769748419607
1.3592186616491,5.05057341401309
1.10302962846359,3.42814481537185
0.686361989516702,2.93911471434445
1.61596349369673,6.53989001466261
1.3130090708682,5.04106145126353
1.23947190897581,3.82568153389891
1.49046296824121,5.65081033844667
0.632224067070977,3.08361423338656
1.6572147447904,6.89530105954471
1.01152558852595,3.6992597391405
1.35019799182191,3.97308746356908
1.49109564584037,5.37425592386668
0.720120517759114,3.00926313598236
0.605880528859146,2.93386720556355
0.786681183712479,3.46029598895217
0.995380244148765,4.76932122883632
0.648439455059515,2.40595000354116
1.00452927381488,3.40450625436394
0.934525872554239,4.38982316697908
1.52153466074649,5.81740724025179
1.07468086098212,2.62667027214329
1.59482407796971,5.50656641312862
1.23239587115735,4.33739213592891
1.63624681157777,7.01196118123358
0.960488062330142,3.71088048239796
1.2242300232225,4.60387596274506
1.42779290327673,5.70608652928743
1.61935338995111,6.43793097180641
1.82021703990176,7.74310948112859
1.26348685147241,4.27885707208359
0.681802182779593,3.28518186153462
0.464675543214974,2.44380912176356
0.5979538819329,2.16715197918051
1.83013854918754,6.90852615131417
0.998646725285382,3.73769108803149
0.107000675518066,2.52415052120196
1.72372338556031,7.70759394975831
1.39571646901228,5.22558571945877
0.362654549095415,1.8841656410587
0.915854231893285,3.44673018541613
1.73110416680657,6.60004393066567
1.31284297656717,4.30768930893791
1.23231664268675,4.51613439772184
1.41810575075759,5.18775230899053
0.797682490621535,3.30125316672838
0.51553791032272,2.20281158767864
1.46832591414753,5.15339557055391
1.72076704537338,7.39551463456012
1.24756072919257,4.73112211031983
1.66559583533384,6.50194751260818
1.3660514073924,5.0828738363665
1.75415812341862,6.89102279088786
0.83263136662907,3.30241921741642
1.35273599878104,4.48399697540589
1.36263294993077,5.48408720456156
1.48490938626758,5.68155788027096
0.281061530149631,2.78831613019186
0.970456966859217,3.41759291753268
1.51403524177084,5.7424455103749
0.921187870484491,3.60731133216849
0.58069442218899,2.18792228502531
1.53557833703235,4.93399824055193
1.96320211020031,8.47755157030757
1.0717884389276,3.74181386702976
0.118918444961309,2.65408548573214
1.10235094507532,2.65244753970837
0.742569166000151,3.46962328471856
1.15612440305934,4.069016827444
0.949042573121256,3.54588549928748
1.58350584648671,6.30236118180527
0.279534294481287,2.1236324893571
1.18331726309358,4.06750552587087
0.763866525689615,3.03782355420639
1.51705933488289,5.60260027143654
0.966048439683777,3.42946682551723
0.741628844416103,2.82525704173591
0.993104742591668,3.26675303319862
1.66957363451184,6.6913538329119
0.918191561149242,3.83213049467034
1.28596005953378,4.57064874303693
1.56879936071896,6.41412701291315
1.21941908675886,4.3406315564913
1.35040198019667,5.38584356233452
1.39175925388655,3.95236042576573
1.24101315639245,3.8534351787528
1.02392876827871,2.55030307491295
1.73006899713374,6.92603841087261
0.714293474356942,2.70305843586868
1.47376965266636,5.19375447416604
0.917825518140352,4.02952767481409
1.38018230976168,4.78968797589809
1.43351470640621,5.86384787921286
0.185985212679952,1.38935934226693
0.535267805718038,2.965329749713
1.8903398885908,8.60941950432254
1.46805222472176,5.00408364664635
1.26728873391212,3.76780099691036
1.115490880648,4.34756362740286
1.51420099924629,5.8580479790263
1.4389950879455,5.41732210506291
0.383619838859886,1.45533478065634
0.890202196666848,3.55778873807486
1.46798091061163,5.27539745376518
0.786095304847485,3.31512655626295
1.4419474497561,5.31004959836278
1.81610148028891,7.93016585859283
1.8010629986518,7.03994072403504
0.683372391853482,2.9752865636558
1.19210806898301,4.46376043401617
1.05268139019046,2.68288600703648
1.22021463507021,3.8770296294269
0.800459715072066,3.2100430200444
1.1421597572115,3.74980674379811
1.90088407870379,8.4837301869957
1.62353611700433,6.62717118350869
0.271650973431937,2.82467521556004
1.59344180213105,6.2450588309258
0.706867580767721,2.95798892755977
0.65465142741131,3.01863474224774
1.76998433085717,7.04092034820222
0.863810101345265,2.9855965864308
1.66736061302879,6.48237470953713
0.282247654162347,2.64473178528204
1.61279708705116,6.71842143133748
1.36298897369589,5.63499146612127
1.1953202186289,4.33596518466946
0.731253911363792,3.32136850455052
0.480894251692558,2.63270298991055
1.32411924901341,3.94293415935159
1.53976697181313,4.97907752093188
0.514510016351678,2.30230720605378
0.954163508369225,3.89394278498056
1.1037901661116,3.83587564721949
1.98440305139354,8.06082656898719
1.80499183652464,7.62828631803987
1.19101626362881,3.8238243093394
0.875621612979868,3.31019068134823
1.57775878951539,6.79404421361112
1.59304829873655,6.17390031054339
1.55051815505368,5.12179517665735
0.264904980250482,2.70000472699525
1.7504496882412,7.69424426381158
1.417794778923,4.94442182816846
1.83356503263715,7.33698637692393
1.59828887163158,5.23338244856548
1.06127045309527,3.35414650545709
1.29982469954508,4.72951608205121
0.927844043807829,3.62428766442788
0.904661943197134,3.78477846252549
1.76911107247651,7.47477148534291
1.33169595550009,5.21681251713501
0.365380256618226,2.03402686087819
0.842761420118005,3.18202346823225
1.87602399508191,8.20804092668244
0.338749504182488,1.78281976697871
1.13481377440622,3.86881718795353
1.34390128329985,3.72467518723756
0.993367670139838,3.06253477203663
1.00826730542556,3.40289821939085
0.873129420484241,2.89027552855651
1.09027482903744,3.75631169365783
1.04040411614038,2.67932965043178
0.534344850573689,2.90878952515426
0.636990289085624,3.22859840547327
1.73829577849332,6.9497048697983
1.62724468355141,6.70063918460087
1.69900458099857,6.79278863242435
1.12769859851985,3.12521802662975
1.14309004560128,3.21931895459245
1.17015891781864,3.88662439302555
1.63818237527473,6.46928125309843
1.31984606732512,4.85195439266026
1.43144029847205,5.15843309807309
0.991058911665177,4.03681375146576
1.54706183671753,5.70827028492409
1.15702353550971,2.98224258512484
1.86902129184455,7.26659045097808
0.772127011164288,3.39500601205651
0.397206032183021,2.2829820601418
0.459845490649479,2.14604136475879
1.5453343436822,5.75489809602207
1.77444982856004,7.85350550799083
1.37606038768647,5.08061115388638
1.4731983885322,4.86323474438041
0.705410886380949,3.16069721695945
1.48171613690746,6.113316228258
1.73915535400585,6.65422205113105
1.1555632728744,2.97972362487304
1.99377682075349,8.95951330286679
0.918749186863869,2.88192672439552
1.71154338689591,7.22455841936532
0.877434751789469,3.67970378492871
1.00760380286366,3.14721549394452
1.17864431491101,4.35159051204392
1.79981915453477,7.24921411285036
1.15714744059369,3.74953017717496
1.26939032439398,4.37784694428199
0.753808321979691,3.45893448519806
1.89399107805989,7.94532994790784
1.36494796502868,4.40325995193617
1.13482560828761,3.5783819263661
1.60118088512417,5.80530721319566
1.20278108709471,4.27946260102263
1.58631392183319,6.76391270575061
1.46472109160652,5.96200203188719
1.30833690413395,3.58598783916908
1.6958160311915,6.33407111516684
0.54030385871218,2.19473226072239
0.519033976382258,3.04499893215803
1.95796568135006,8.3889464913866
1.42038046897814,5.21103299154107
0.77392687556131,3.78192140663032
1.07663919072619,3.81352827081605
0.495484503351673,3.04581288653474
1.26200464317516,4.39126586125095
1.59133988803391,5.50786497469099
1.17348129996537,3.87067587463351
1.17548336566834,2.97760407383675
1.42302031126549,5.4676003145636
1.69450018485066,7.27853754472658
1.30755876472322,4.99886801256959
1.87185536697507,7.28295571729828
1.61973531752841,6.00242546767892
1.37116856070365,4.71802814147228
0.886461273244148,2.92314821690218
0.992870291418566,3.77627433621859
1.22285333075164,4.28724447255082
0.839409108729492,2.7707987932047
1.64856215625609,6.35963808181849
0.474845700494044,2.28932043121385
0.625615634340457,2.73863280109857
1.12827690542129,3.47799915478714
0.959709685761482,4.06292257840511
1.38985721638953,5.40914813882842
1.27116789318874,3.28953880995916
1.49370262953092,4.95281077362962
1.01937890824563,2.61484817875705
0.710990557718359,2.04362085591082
0.774243537103107,2.9125253620362
1.52957504209025,6.2690534900086
1.80645160359524,6.95216166626521
0.723108805949358,2.72495014571313
1.50269361290743,5.48296757584707
1.35765634566975,4.96042983992006
1.53875366137467,5.41451722695812
0.752685854365678,3.13365756987237
0.4394929301925,1.54750235020694
1.29200505107237,3.77672507999219
0.488836502477604,2.31370533863547
1.56181980805937,6.59506869492174
0.674666837636092,2.62639396308659
1.59805516944287,5.9288544134516
1.2309566034748,3.74191543975456
0.72110040824279,3.64526934821389
1.30398679062486,3.87079534751315
1.79521188458609,6.87773994220858
0.858059463310163,3.88902242752263
1.24910329134144,3.59723638088573
1.16596519041062,3.8632852393894
1.37544407519787,4.91775849320344
1.26914596666551,4.71795782241447
1.31765816852972,3.77400928718789
0.465857796737005,2.44319663641511
0.980535810519367,4.38110479840016
0.416667591958803,2.50785692527749
0.966162910032132,4.20192866598634
0.0513695529662073,1.53774528716681
0.43721895664714,2.25845418567992
1.70577248345213,6.32598324022631
1.75302226104639,6.87955873510337
0.511075451560787,1.87776174773692
1.29875894778505,4.54821792059237
1.48341735546814,5.59549575049841
1.69366568866716,6.03082709242943
1.79493169555811,6.74886347529362
0.193057391792536,1.99888402838454
1.40908078191042,5.39478746659002
0.865167733450198,3.71286223854876
1.68230962508626,6.15380844492653
1.5259217442212,4.93613425793814
1.22275471602813,3.89319331028795
1.18097127529522,3.8373450018683
1.46399441883397,4.71564571498525
1.42517031821964,4.98650740426266
0.754661665843433,3.65132816988965
0.864157008309378,3.01494871983481
1.03431078691516,2.60828658663532
1.72607369860634,7.48675496616939
0.920442630426631,3.52754228138769
0.331857405254239,2.25734216709172
1.59190382863531,6.03725503943875
1.98032879181028,9.2760017897505
1.54090506169695,5.37686419023851
0.966155278030783,4.33308806616021
1.86639099521562,7.67434450455896
1.7877947873806,7.11542434314695
1.81104463338074,7.49614366801317
0.980955861592188,4.02464324584373
0.865505422065625,3.21289108037902
1.28688357447968,3.40924828663016
1.38863959170999,5.02293761622086
1.23153112711812,4.19058757216678
1.4679945640331,5.77702931765282
0.823865305098555,3.83297817770701
1.80209280397233,7.26162916043752
1.24285685611506,4.56856960395794
0.300399896562672,1.93587569425923
0.90520323399886,3.72570250519596
1.51965918622903,5.66401262482026
0.795546283940515,4.11479462137728
0.783352657934408,3.58471352538673
0.878655269884859,3.55412276692778
1.48143319502139,5.59773665932629
1.71494376663153,7.00697462104976
0.276169900560935,2.44761741541755
0.648793122152105,2.89354115615302
1.09696796854019,3.75782905137126
0.323374812812782,2.13323214002225
0.642151913083543,3.04164356550907
0.924021613309032,3.30254961026055
0.884649570608635,3.52420644607916
1.90440110224815,7.53921118494423
0.828035323895314,3.67673689199623
0.671315559027732,2.03256663437325
1.35378660131797,4.09956540498776
1.28196325696644,4.58988143192822
0.894068480901014,4.25568875266928
1.90840818870319,7.62258626018261
1.82384696191249,7.2226674896229
0.673235082445361,2.40894768188622
1.19095466133458,3.47416754216577
0.927506803937998,4.02303558701311
0.641415281389322,3.06769629733031
1.52957618324714,4.7985380671476
1.54762768202454,5.65385754786049
0.415824797004461,1.9986967305164
0.324083782847497,1.99331066143611
1.89007780339408,8.12935432796891
0.821783629247142,2.81880013425203
0.987046256217443,4.32083914037527
0.697319275174361,3.01696165712146
1.72096237092982,6.79713158670303
1.31177279742938,4.45802516475843
1.24354250891968,4.21119737635278
1.14608934203693,3.49033841196182
1.55199546217504,5.30272408388336
1.43064795667617,4.14057889221311
1.42279078011682,4.60456631202191
1.05387114745126,2.71485401994341
1.10560142397015,3.66045870503812
0.858227966353297,3.29775128748182
1.77388660322705,7.62490238482978
1.48166124365196,5.19445986075107
1.02108483839984,2.72571894170208
0.545412894804031,2.13765125413246
0.862959094231379,3.79412162875975
0.97645052467269,4.01475962524127
1.38406167997635,4.58077935235738
1.42258168185912,5.514165571202
1.30749618984007,4.96682985605779
1.3974655806087,5.1211967264686
1.31578433779255,4.75299908325943
1.86307415914825,7.78544553321718
1.1230169319434,3.21136169355198
1.23154816901126,4.78795170332112
1.65842728456482,6.44087463153546
1.44531787258865,5.25479622139652
1.25588963956135,4.29414232392665
1.20721517585932,4.07256195573902
0.912120145236191,3.84712136013672
1.44412044337978,4.56022720784581
1.58522921000393,5.39691449233582
0.592081763425859,3.13306462812793
1.54980810229383,5.51216549562313
0.833189912531213,3.61745546446693
1.53387484739389,5.6904155294073
1.54777017172327,5.85774415328116
1.97121545690052,8.38381218490393
1.77526715047348,6.76579529461934
1.65688732902963,6.96029821778541
1.73636107053608,7.6111995555252
1.20420451386755,3.71107723608745
0.570635260838283,2.17911856441841
1.68705203877391,6.35541368078652
0.778726037072102,3.29410424410745
1.28135417598274,4.50053426229954
0.60298570105806,2.64479493901734
1.31608970113915,4.24301807241555
0.443663381971419,2.31558764601096
1.99720195042359,8.97676692134034
1.24136871528775,3.97993027508323
1.52737119109018,6.38896274272398
1.64822744400202,6.51689125511201
1.74180742396887,6.56690637744821
1.47010552438973,5.75954871356845
1.52562777060621,6.00104838162594
1.25160373691423,3.90997983070816
0.921155798769711,3.12933370614256
0.956556789719629,3.71690870820744
1.45008472679183,4.61538078229091
1.07741224597859,3.58490314284989
1.35699735431523,4.92323778674507
1.45686346292496,4.4977483761648
1.74134128867213,7.18769910842143
1.49839546978579,5.79749925293393
0.489043609755895,2.68716927136854
1.78380916343267,7.34410757078907
1.7045883471358,7.30391640399163
1.1058274579951,3.50249888722823
1.53603080096121,5.8392591145008
1.42904128949351,5.39118435100828
0.815895582342595,3.49012823008679
1.31395539115856,3.74788993333727
1.80157665415004,7.88371883407751
1.56019827792991,5.77986619075743
1.44687779412483,5.37244199294587
0.918021813405538,3.5777728289349
1.46473811726824,4.93501283936871
1.43107635417399,4.36888566260217
1.59760520474904,6.7654062677923
0.71035237766048,3.75080565780832
1.20525906479235,3.2527105302483
1.35423899919844,4.28457462682788
0.635915436930326,2.29654670293927
0.510838528426538,2.53394696658545
1.10200216779728,2.86781157363784
1.03062561816463,3.59476812394073
1.46596017751625,4.87457319133971
1.02088489419026,3.02472431982729
1.33249454780693,3.91259894991213
1.01593374116974,3.46697865783946
1.72744751471006,7.07659084543693
0.985378505967477,3.2323853429658
1.40447439041348,4.48945162174495
1.35850847906799,4.61097482600068
1.09069805367132,3.22096714553822
0.540721575739532,3.0096350721895
1.01920943646401,2.64178237189318
0.478615364525467,2.92999307607566
0.56184340631283,2.57921478261433
1.47609150591643,4.65857513718921
1.22439160831607,3.67639862378243
0.829174709857952,4.03251825190988
0.826517712759834,3.92815967783339
0.753545079451932,3.53975508973779
1.46425150998701,5.13290852502884
1.27000751811368,4.91612418020944
1.09958787137288,2.77222939014512
1.28304425760857,4.15434820561211
1.32391522730148,4.85447843165865
1.50561632390907,5.48007234809189
1.35208454188782,4.28519110482473
1.754619935236,7.97676038936618
1.5115595652819,5.70459200895624
0.333174863047662,1.83935997473825
1.27355081093484,4.00235778274932
0.955152710479571,3.57500828724455
1.28036656092286,3.75247118712416
0.305266931511408,2.6611469120583
1.26269194122259,4.36450638386658
1.06917857568394,4.17453654425941
1.05192166743578,2.70542158661438
1.50379436398648,5.79748926321587
0.335775242589422,1.46858603108933
1.01489827723198,2.46728022648134
1.37850847751927,4.10565018057676
1.60706064435739,6.45899601834802
1.23470259549422,4.19745849286952
0.949345244969317,4.13609520057924
0.702566708577986,2.29091099695021
1.14173638922472,4.16070576237375
0.903524867192932,3.39648683605395
0.919620459591953,3.33088179254061
0.690319030685972,2.71540858690991
0.629770630316152,2.46068444793143
0.822498028594014,3.55224583664681
1.92679542097015,8.25852777483877
1.80168526500008,7.5935066292387
1.52450151117316,5.22355969417649
0.931617779561881,3.19768863051329
0.855898288155738,3.33988678093263
1.50875524621237,4.66337927952353
1.94254521270574,8.27129874461946
0.830723331309855,2.74944293067798
0.747113324686494,2.32627683688424
0.603117988444865,2.50009726706744
1.42580606685275,5.22316068155138
0.891298241902004,3.00059784762736
1.07436246598716,3.09653704461042
0.884983718580281,4.00455176463143
1.0231499880102,2.41081892898348
0.681435664598066,3.60229909045274
1.84310413460714,7.58121017725432
0.251100019983111,2.16168920649876
0.400915586406085,1.82438191243535
1.03507225472398,3.42697625339185
0.982065310401037,3.49299816899531
1.56053294394255,5.38299914948063
0.715270779030252,2.80259052186033
0.951615609807919,4.24234326695198
0.424716189709604,2.61763284552382
1.28457228749613,5.09901091315992
0.632133271297177,3.23624725020319
0.491890815330255,2.04627942351235
1.93383255478983,8.23399773694357
1.55199442692121,6.26991704366775
1.47452019794868,5.28821901959818
1.77714321175099,7.64227181058572
1.93811942724034,8.97055801746207
1.66645080409944,6.3766216902297
0.231868451926857,1.85851114051841
0.663179780770967,3.06732677215179
1.07602204831401,3.63352172438849
0.975566973933421,4.45615978007657
0.854770771736854,3.66649263061267
1.64430358963258,6.33039015209198
0.427636489737779,2.17982843351023
1.10925369132395,3.51041386843893
1.26384407589422,3.89226016978476
1.15049039720458,3.94153531644247
1.8089060996068,7.19908781797308
1.65296941108501,6.23234947467079
1.38609564476288,5.28404194675432
0.0823701308108866,1.84917224362486
1.38755668576317,5.35889325762326
0.956171208628213,3.69259477620829
0.516553855088102,2.44974878955746
1.2888833549805,3.91924701400812
0.599473923337608,2.35339258304244
0.556987470530539,2.3543361330149
1.02927703813773,2.71765716101176
1.51792484979411,6.32645529398102
1.95773484771018,8.93522996049066
0.989360673095048,3.8068522722353
0.677152059945303,3.56192873335071
0.553974890806301,2.19300680144541
0.752028895928645,2.16780528151726
0.742073817644268,3.8226328581777
1.49262748010961,5.46379511534361
0.472227724594722,1.80221923988423
0.871842829745119,3.87787390003678
1.5797769586255,5.84147239510589
1.3605555361801,5.67562962038126
0.408592341887906,2.92045889255704
1.03729638010655,2.44986621248349
0.753846841863278,3.5303110784358
1.39381480243183,4.31116755411104
1.35442071696375,4.81108307993135
0.788430687756131,3.57421200471581
1.22825610839125,3.33047938848304
0.79612948725972,2.94420506755615
1.75687484579536,7.25763499402659
0.746880323739185,2.32066686962448
1.22561593598715,4.38540859179708
0.927916245535016,2.95680568253577
1.61983737288295,6.2389349914068
1.2765865607665,3.53790849433333
1.5516914421587,5.99064305586748
1.42880708892574,4.59153436765038
0.798018926334792,2.40180412567346
1.83338926434869,8.38567465860666
1.08619531714053,4.13749015839227
1.1806450644508,3.04921393855769
0.93660428632809,3.2089051036536
1.63461578059767,6.34602891498252
1.32428409037267,4.63355190592161
0.335454831832004,1.94075634651612
1.91781956359597,8.16967066245797
1.39939056815343,4.12686845261393
1.13018406651253,3.03490459073946
1.7385386462641,7.549193297703
1.05586859640668,3.6376150013445
1.60419070617027,5.73348170181796
1.57876278796555,5.24591618970479
1.48908767834441,5.55030059164286
1.25045463354909,4.30323881160722
0.920538261134378,4.43482190067841
1.16901536143817,3.71688631068721
0.728672827214716,3.57284916573888
1.11907383459395,3.53130442737176
0.989595694286668,3.47039899157954
0.899422880758495,3.75975123302462
1.89735210805547,7.93361031400851
1.08839743903204,3.3132363394086
1.60740966259842,6.03400069132197
1.64347300560867,5.58897966677646
1.23001980991654,4.07262231079207
1.54149564012059,6.26952991460702
1.0743353031889,2.94964249925155
1.76899562453964,8.04794570587393
1.65804177453881,6.91731362403447
1.03461132999821,4.00623187906061
1.2398898369265,3.75229550594403
0.569949705232111,2.9288107987839
1.12749638189516,3.56075825746021
0.391595041379333,2.10707456726037
1.40496577089652,5.54181984293029
1.38884808949529,4.08785351735329
0.513838104645733,3.42160305414911
1.41155243885955,4.97358250633459
1.26030542300712,4.18965805721708
1.00203919754178,3.48234154852376
1.56704908559484,6.36847979244594
0.449241614253178,2.7053527189461
0.68990328539747,3.05815236471346
1.97815667977557,8.00421971821165
1.52855098586655,5.32878568074624
1.00878384026545,3.41187712953782
1.41020157421008,5.66316267292684
1.14314596800807,3.25870417610333
1.18741843403158,3.80258431772111
1.3186591294085,4.74942889074258
1.19528015687505,3.95479937932185
1.58689676509351,5.91660974568493
0.603784379927834,3.56658461310781
1.43834564622832,5.52879291381552
1.29900612078089,4.50733409178359
0.876846606357029,3.4907345418294
1.37573190331118,4.68220925927261
1.52942526722201,5.48164725866137
1.04982502894545,2.81587160668321
1.72245168258906,7.02246196645456
0.99394117274413,3.88639006126165
0.977168869264219,4.69940468365426
1.68176638190119,6.25589643222381
0.95352500412663,4.38932136804142
1.16885165009134,4.15689752018916
1.14596480397626,4.32341187221266
1.46443944901151,5.30523418115681
1.61553941002273,6.87165560559944
0.963972184361014,4.0092759415471
1.11983757168115,3.79528214613121
1.63594544786585,6.94160692439826
1.8007008424796,7.00498030074395
1.36078497772962,4.12330957288168
0.747864417743092,2.85253192647071
0.87556839332945,4.28817267839693
0.414919008996743,1.67163861660514
0.895712716959224,3.17392291351976
0.66688182892779,2.95220187329208
1.94381257506818,9.29932610649901
1.73987689766737,7.60572438075702
1.47508539351801,5.20385362399936
1.54268059653039,4.95856852418156
1.16969709875934,4.10484613822605
